version,1_2,1_3,1_4,1_5,2_3,2_4,2_5,3_4,3_5,4_5,num_stmt,num_buckets,bucket_size
5,0.9508571428571428,0.9538285714285715,0.952,0.9497142857142857,0.9478857142857143,0.9472,0.9524571428571429,0.9494857142857143,0.9492571428571428,0.9492571428571428,4375,87,50
11,0.9726741760534001,0.9724655819774718,0.975177304964539,0.9770546516478932,0.9762202753441802,0.9735085523571131,0.976846057571965,0.9749687108886108,0.9739257405089695,0.9710054234459742,4794,95,50
13,0.9573891148557041,0.9595196591129188,0.9595196591129188,0.9525469688165795,0.9618438892116986,0.9626186325779585,0.9513848537671896,0.9573891148557041,0.9630060042610885,0.9562269998063142,5163,103,50
15,0.6,0.52,0.43999999999999995,0.4514285714285714,0.56,0.5657142857142857,0.5314285714285714,0.4971428571428571,0.5085714285714286,0.43999999999999995,175,3,50
22,0.9480715363068304,0.957983193277311,0.9482870071105365,0.9581986640810171,0.9592760180995475,0.951734539969834,0.9553975436328378,0.9519500107735401,0.9575522516698988,0.9556130144365439,4641,92,50
23,0.8945707070707071,0.8996212121212122,0.8901515151515151,0.8958333333333334,0.8914141414141414,0.9078282828282829,0.8983585858585859,0.9040404040404041,0.8933080808080808,0.8933080808080808,1584,31,50
27,0.9611568858247856,0.95997982175887,0.9542626534387086,0.95997982175887,0.95997982175887,0.9556078695140406,0.9552715654952076,0.9552715654952076,0.9582983016647049,0.9562804775517068,5947,118,50
