version,1_2,1_3,1_4,1_5,2_3,2_4,2_5,3_4,3_5,4_5,num_stmt,num_buckets,bucket_size
5,0.9853714285714286,0.9872,0.9849142857142857,0.9858285714285714,0.9862857142857143,0.9833142857142857,0.9860571428571429,0.9865142857142857,0.9858285714285714,0.9872,4375,437,10
11,0.9947851481017939,0.9935335836462245,0.9939507717980809,0.9966624947851481,0.9943679599499374,0.9945765540258656,0.9956195244055068,0.9947851481017939,0.9949937421777222,0.9941593658740092,4794,479,10
13,0.9907030796048809,0.990122022080186,0.9928336238620957,0.9883788495061011,0.9934146813867907,0.9912841371295759,0.9877977919814062,0.9922525663374008,0.989540964555491,0.9883788495061011,5163,516,10
15,0.8685714285714285,0.9085714285714286,0.8342857142857143,0.84,0.8857142857142857,0.8628571428571429,0.8914285714285715,0.7657142857142857,0.7885714285714286,0.7828571428571429,175,17,10
22,0.9881491057961647,0.9924585218702866,0.988795518207283,0.9894419306184012,0.9894419306184012,0.99116569704805,0.9896574014221073,0.988795518207283,0.9898728722258134,0.9883645765998708,4641,464,10
23,0.9772727272727273,0.9709595959595959,0.9753787878787878,0.9772727272727273,0.9671717171717171,0.9804292929292929,0.9797979797979798,0.9741161616161617,0.9659090909090909,0.9659090909090909,1584,158,10
27,0.9915923995291743,0.9900790314444258,0.9863796872372624,0.9914242475197579,0.9912560955103413,0.9863796872372624,0.9889019673785102,0.9900790314444258,0.9902471834538423,0.9887338153690937,5947,594,10
