version,1_2,1_3,1_4,1_5,2_3,2_4,2_5,3_4,3_5,4_5,num_stmt,num_buckets,bucket_size
5,0.9858285714285714,0.992,0.9771428571428571,0.9869714285714286,0.9924571428571428,0.9876571428571429,0.9984,0.9814857142857143,0.9958857142857143,0.9995428571428572,4375,87,50
11,0.962244472256988,0.9806007509386734,0.9895702962035878,0.9949937421777222,0.9985398414685023,0.9799749687108886,0.9983312473925741,0.9962453066332916,0.9964539007092199,0.9856070087609512,4794,95,50
13,0.9726902963393376,0.9823745884175866,0.9874104202982762,0.9872167344567112,0.9928336238620957,0.9939957389114855,0.9823745884175866,0.9750145264381174,0.999418942475305,0.9908967654464459,5163,103,50
15,0.5828571428571429,0.7485714285714286,0.5828571428571429,0.7371428571428571,0.9085714285714286,0.72,0.5085714285714286,0.7085714285714286,0.8457142857142858,0.6857142857142857,175,3,50
22,0.993320405085111,0.9366515837104072,0.9859943977591037,0.9967679379444085,0.9543201896143073,0.9997845291962939,0.9984917043740573,0.9963369963369964,0.9644473173884939,0.982546864899806,4641,92,50
23,0.9513888888888888,0.9223484848484849,0.9349747474747475,0.9785353535353536,0.9545454545454546,0.9930555555555556,0.9671717171717171,0.9488636363636364,0.961489898989899,0.9678030303030303,1584,31,50
27,0.9902471834538423,0.9998318479905834,0.993105767613923,0.9751135026063561,0.9890701193879267,0.9900790314444258,0.9932739196233396,0.9914242475197579,0.9949554397175047,0.9880612073314277,5947,118,50
