version,1_2,1_3,1_4,1_5,2_3,2_4,2_5,3_4,3_5,4_5,num_stmt,num_buckets,bucket_size
5,0.9981714285714286,0.9988571428571429,0.9984,0.9986285714285714,0.9986285714285714,0.9995428571428572,0.9997714285714285,0.9979428571428571,0.9993142857142857,0.9997714285714285,4375,875,5
11,0.9939507717980809,0.9981226533166458,0.9993742177722152,0.9989570296203588,0.9989570296203588,0.9985398414685023,0.9993742177722152,0.999165623696287,0.9993742177722152,0.9979140592407175,4794,958,5
13,0.9970947123765252,0.9982568274259151,0.9992252566337401,0.9982568274259151,0.999806314158435,0.999418942475305,0.9990315707921751,0.9953515398024404,0.999806314158435,0.9988378849506101,5163,1032,5
15,0.9542857142857143,0.9771428571428571,0.9542857142857143,0.9885714285714285,0.9942857142857143,0.9828571428571429,0.9542857142857143,0.9885714285714285,0.9657142857142857,0.9942857142857143,175,35,5
22,0.9991381167851756,0.9961215255332903,0.9987071751777634,0.9997845291962939,0.9931049342814049,0.9997845291962939,0.9995690583925878,0.9997845291962939,0.9995690583925878,0.9982762335703512,4641,928,5
23,0.9917929292929293,0.9892676767676768,0.9911616161616161,0.9987373737373737,0.9943181818181818,0.9993686868686869,0.9962121212121212,0.9917929292929293,0.9987373737373737,0.9943181818181818,1584,316,5
27,0.9991592399529174,0.9998318479905834,0.9991592399529174,0.9969732638305028,0.9986547839246679,0.999327391962334,0.999327391962334,0.999663695981167,0.9989910879435009,0.9979821758870019,5947,1189,5
