version,1_2,1_3,1_4,1_5,2_3,2_4,2_5,3_4,3_5,4_5,num_stmt,num_buckets,bucket_size
5,0.9963428571428572,0.9970285714285714,0.9968,0.9977142857142857,0.9958857142857143,0.9963428571428572,0.9979428571428571,0.9970285714285714,0.9979428571428571,0.9963428571428572,4375,437,10
11,0.9964539007092199,0.9964539007092199,0.9962453066332916,0.9962453066332916,0.9979140592407175,0.9970796829370046,0.9964539007092199,0.9966624947851481,0.9974968710888611,0.9970796829370046,4794,479,10
13,0.9974820840596552,0.9955452256440054,0.9965136548518303,0.9961262831687003,0.9980631415843502,0.9974820840596552,0.9955452256440054,0.9957389114855704,0.9972883982180902,0.9970947123765252,5163,516,10
15,0.9257142857142857,0.9428571428571428,0.9085714285714286,0.92,0.8971428571428571,0.92,0.88,0.8914285714285715,0.8914285714285715,0.8742857142857143,175,17,10
22,0.9969834087481146,0.9965524671407024,0.9959060547295842,0.9980607627666451,0.9971988795518207,0.9971988795518207,0.997845291962939,0.9956905839258781,0.9967679379444085,0.9969834087481146,4641,464,10
23,0.9924242424242424,0.9949494949494949,0.98989898989899,0.9873737373737373,0.990530303030303,0.9955808080808081,0.9917929292929293,0.9911616161616161,0.9943181818181818,0.990530303030303,1584,158,10
27,0.9979821758870019,0.9968051118210862,0.9981503278964183,0.9966369598116698,0.9973095678493358,0.9961325037834202,0.9968051118210862,0.9973095678493358,0.9968051118210862,0.9973095678493358,5947,594,10
