version,1_2,1_3,1_4,1_5,2_3,2_4,2_5,3_4,3_5,4_5,num_stmt,num_buckets,bucket_size
5,0.9981714285714286,0.9990857142857142,0.9984,0.9993142857142857,0.9981714285714286,0.9977142857142857,0.9988571428571429,0.9984,0.9986285714285714,0.9977142857142857,4375,875,5
11,0.9981226533166458,0.9987484355444305,0.9977054651647893,0.9977054651647893,0.9989570296203588,0.9979140592407175,0.9981226533166458,0.9985398414685023,0.9993742177722152,0.9987484355444305,4794,958,5
13,0.9990315707921751,0.9976757699012202,0.9982568274259151,0.9984505132674801,0.9990315707921751,0.9986441991090451,0.9974820840596552,0.9982568274259151,0.9990315707921751,0.9984505132674801,5163,1032,5
15,0.9428571428571428,0.9771428571428571,0.9542857142857143,0.96,0.9542857142857143,0.9485714285714286,0.92,0.9085714285714286,0.9371428571428572,0.9142857142857143,175,35,5
22,0.9991381167851756,0.9982762335703512,0.9984917043740573,0.9991381167851756,0.997845291962939,0.9984917043740573,0.9987071751777634,0.9974143503555268,0.9984917043740573,0.9982762335703512,4641,928,5
23,0.9943181818181818,0.9968434343434344,0.9943181818181818,0.9930555555555556,0.9943181818181818,0.9974747474747475,0.9949494949494949,0.9936868686868687,0.9962121212121212,0.9955808080808081,1584,316,5
27,0.9988229359340844,0.9986547839246679,0.999327391962334,0.9983184799058349,0.9981503278964183,0.9974777198587523,0.9984866319152513,0.9991592399529174,0.9991592399529174,0.999327391962334,5947,1189,5
