version,1_2,1_3,1_4,1_5,2_3,2_4,2_5,3_4,3_5,4_5,num_stmt,num_buckets,bucket_size
5,0.9876571428571429,0.9853714285714286,0.9844571428571428,0.9844571428571428,0.9817142857142858,0.9853714285714286,0.9851428571428571,0.9842285714285715,0.9833142857142857,0.9842285714285715,4375,437,10
11,0.9952023362536504,0.9954109303295786,0.9952023362536504,0.9952023362536504,0.9939507717980809,0.9960367125573634,0.9935335836462245,0.9964539007092199,0.9958281184814352,0.9968710888610763,4794,479,10
13,0.9908967654464459,0.9905093937633159,0.9887662211892311,0.989928336238621,0.989347278713926,0.9907030796048809,0.9881851636645361,0.9910904512880109,0.9889599070307961,0.9916715088127058,5163,516,10
15,0.8,0.8342857142857143,0.7714285714285715,0.7485714285714286,0.8057142857142857,0.7714285714285715,0.7828571428571429,0.8,0.8114285714285714,0.7714285714285715,175,17,10
22,0.9892264598146951,0.9872872225813403,0.9877181641887525,0.9875026933850464,0.9898728722258134,0.9872872225813403,0.9875026933850464,0.984486102133161,0.9885800474035769,0.9883645765998708,4641,464,10
23,0.9722222222222222,0.9747474747474747,0.9722222222222222,0.9684343434343434,0.9709595959595959,0.9696969696969697,0.9678030303030303,0.9753787878787878,0.9652777777777778,0.9779040404040404,1584,158,10
27,0.9877249033125945,0.9883975113502607,0.9902471834538423,0.9909197914915083,0.9878930553220111,0.9892382713973432,0.9902471834538423,0.9887338153690937,0.9914242475197579,0.9912560955103413,5947,594,10
