version,1_2,1_3,1_4,1_5,2_3,2_4,2_5,3_4,3_5,4_5,num_stmt,num_buckets,bucket_size
5,0.9497142857142857,0.9456,0.9451428571428572,0.9515428571428571,0.9472,0.9444571428571429,0.9490285714285714,0.9442285714285714,0.9492571428571428,0.9494857142857143,4375,87,50
11,0.975177304964539,0.9745515227367543,0.976011681268252,0.9778890279516061,0.9758030871923238,0.9749687108886108,0.9762202753441802,0.9770546516478932,0.9791405924071757,0.9745515227367543,4794,95,50
13,0.9533217121828395,0.9554522564400543,0.9531280263412745,0.9575828006972691,0.9558396281231842,0.957776486538834,0.9537090838659694,0.9573891148557041,0.9552585705984893,0.9540964555490994,5163,103,50
15,0.4228571428571428,0.5257142857142857,0.49142857142857144,0.4285714285714286,0.5485714285714286,0.48571428571428577,0.48,0.5314285714285714,0.52,0.49142857142857144,175,3,50
22,0.9543201896143073,0.9478560655031243,0.9478560655031243,0.9513035983624218,0.9534583063994828,0.9502262443438914,0.9506571859513036,0.945054945054945,0.9547511312217195,0.949364361129067,4641,92,50
23,0.8945707070707071,0.8939393939393939,0.9002525252525253,0.889520202020202,0.8914141414141414,0.8888888888888888,0.8939393939393939,0.8945707070707071,0.8768939393939394,0.8983585858585859,1584,31,50
27,0.9547671094669581,0.9540945014292921,0.9581301496552884,0.9540945014292921,0.9559441735328738,0.9551034134857912,0.9577938456364553,0.9502270052127123,0.9535900454010425,0.9579619976458719,5947,118,50
