version,1_2,1_3,1_4,1_5,2_3,2_4,2_5,3_4,3_5,4_5,num_stmt,num_buckets,bucket_size
5,0.9565714285714286,0.9568,0.9606857142857143,0.9570285714285715,0.9577142857142857,0.9584,0.9595428571428571,0.9545142857142858,0.9556571428571429,0.9572571428571428,4375,87,50
11,0.9808093450146016,0.9810179390905298,0.9801835627868168,0.981226533166458,0.9814351272423864,0.9803921568627451,0.9793491864831039,0.9816437213183146,0.9778890279516061,0.9835210680016687,4794,95,50
13,0.9661049777261282,0.9647491768351734,0.9680418361417781,0.9645554909936084,0.9693976370327329,0.9666860352508232,0.969010265349603,0.9680418361417781,0.9664923494092582,0.9672670927755181,5163,103,50
15,0.6514285714285715,0.6171428571428572,0.6514285714285715,0.6457142857142857,0.6228571428571428,0.6114285714285714,0.6742857142857143,0.6799999999999999,0.5828571428571429,0.6571428571428571,175,3,50
22,0.9709114414996768,0.9655246714070244,0.9633699633699634,0.9648782589959061,0.9633699633699634,0.9683257918552036,0.9644473173884939,0.9644473173884939,0.9622926093514329,0.9655246714070244,4641,92,50
23,0.9198232323232323,0.9154040404040404,0.913510101010101,0.9141414141414141,0.9204545454545454,0.9286616161616161,0.9210858585858586,0.9097222222222222,0.9185606060606061,0.9128787878787878,1584,31,50
27,0.9714141583991929,0.9702370943332773,0.9720867664368589,0.9715823104086094,0.9725912224651084,0.9690600302673616,0.9673785101731965,0.9707415503615269,0.973431982512191,0.9709097023709433,5947,118,50
