1_2,1_3,1_4,1_5,2_3,2_4,2_5,3_4,3_5,4_5,num_stmt,num_buckets,bucket_size
0.8333333333333334,0.8333333333333334,0.8333333333333334,0.8333333333333334,0.8333333333333334,0.8333333333333334,0.8333333333333334,0.8333333333333334,0.8333333333333334,0.8333333333333334,6,5,10
0.6666666666666667,0.6666666666666667,0.6666666666666667,0.6666666666666667,0.6666666666666667,0.6666666666666667,0.6666666666666667,0.6666666666666667,0.6666666666666667,0.6666666666666667,3,11,10
0.0,0.0,0.0,0.0,0.0,0.0,0.0,0.0,0.0,0.0,1,13,10
0.0,0.0,0.0,0.0,0.0,0.0,0.0,0.0,0.0,0.0,1,15,10
0.5,0.5,0.5,0.5,0.5,0.5,0.5,0.5,0.5,0.5,2,22,10
0.8888888888888888,0.8888888888888888,0.8888888888888888,0.8888888888888888,0.8888888888888888,0.8888888888888888,0.8888888888888888,0.8888888888888888,0.7777777777777778,0.8888888888888888,9,23,10
0.6666666666666667,0.6666666666666667,0.6666666666666667,0.6666666666666667,0.6666666666666667,0.6666666666666667,0.6666666666666667,0.6666666666666667,0.6666666666666667,0.6666666666666667,3,27,10
