version,1_2,1_3,1_4,1_5,2_3,2_4,2_5,3_4,3_5,4_5,num_stmt,num_buckets,bucket_size
5,0.9938285714285714,0.9814857142857143,0.9931428571428571,0.9947428571428572,0.9849142857142857,0.9997714285714285,0.9990857142857142,0.9949714285714286,0.9988571428571429,0.9922285714285715,4375,87,50
11,0.9876929495202337,0.9872757613683771,0.9743429286608261,0.9810179390905298,0.9899874843554443,0.9891531080517313,0.9161451814768461,0.9947851481017939,0.9954109303295786,0.9983312473925741,4794,95,50
13,0.9939957389114855,0.9972883982180902,0.9889599070307961,0.9653302343598683,0.999806314158435,0.989928336238621,0.9819872167344567,0.9920588804958358,0.9622312608948286,0.9868293627735812,5163,103,50
15,0.5657142857142857,0.6285714285714286,0.5714285714285714,0.8,0.4685714285714285,0.6628571428571428,0.6628571428571428,0.6171428571428572,0.6057142857142856,0.6914285714285715,175,3,50
22,0.9900883430295195,0.9760827407886231,0.9903038138332256,0.9782374488256841,0.9913811678517561,0.9989226459814695,0.9918121094591683,0.9819004524886877,0.988795518207283,0.9668174962292609,4641,92,50
23,0.9804292929292929,0.9425505050505051,0.8472222222222222,0.9696969696969697,0.9766414141414141,0.9766414141414141,0.9993686868686869,0.961489898989899,0.9160353535353536,0.9753787878787878,1584,31,50
27,0.8945686900958466,0.9794854548511854,0.9984866319152513,0.9704052463426938,0.9942828316798386,0.9939465276610056,0.924836051790819,0.9811669749453505,0.9880612073314277,0.9746090465781067,5947,118,50
