version,1_2,1_3,1_4,1_5,2_3,2_4,2_5,3_4,3_5,4_5,num_stmt,num_buckets,bucket_size
5,0.9993142857142857,0.9965714285714286,0.9979428571428571,0.9997714285714285,0.9981714285714286,0.9997714285714285,0.9997714285714285,0.9988571428571429,0.9995428571428572,0.9988571428571429,4375,437,10
11,0.9968710888610763,0.9970796829370046,0.992282019190655,0.9939507717980809,0.9997914059240718,0.9960367125573634,0.9977054651647893,0.9989570296203588,0.9989570296203588,0.9983312473925741,4794,479,10
13,0.9990315707921751,0.9992252566337401,0.9986441991090451,0.9922525663374008,0.999806314158435,0.9974820840596552,0.9963199690102653,0.9980631415843502,0.999806314158435,0.9974820840596552,5163,516,10
15,0.9485714285714286,0.9542857142857143,0.9828571428571429,0.9542857142857143,0.8514285714285714,0.9428571428571428,0.9371428571428572,0.9028571428571428,0.9142857142857143,0.8971428571428571,175,17,10
22,0.9987071751777634,0.9971988795518207,0.9971988795518207,0.9965524671407024,0.9982762335703512,0.9997845291962939,0.9980607627666451,0.9997845291962939,0.997845291962939,0.9913811678517561,4641,464,10
23,0.9974747474747475,0.9633838383838383,0.9640151515151515,0.9867424242424242,0.9981060606060606,0.9936868686868687,0.9993686868686869,0.9835858585858586,0.9633838383838383,0.9949494949494949,1584,158,10
27,0.9305532201109803,0.9951235917269211,0.9998318479905834,0.993105767613923,0.9989910879435009,0.9986547839246679,0.9569530855893728,0.9957961997645872,0.9973095678493358,0.9939465276610056,5947,594,10
