version,1_2,1_3,1_4,1_5,2_3,2_4,2_5,3_4,3_5,4_5,num_stmt,num_buckets,bucket_size
5,0.9954285714285714,0.9979428571428571,0.9977142857142857,0.9970285714285714,0.9981714285714286,0.9977142857142857,0.9965714285714286,0.9981714285714286,0.9988571428571429,0.9979428571428571,4375,875,5
11,0.9981226533166458,0.9983312473925741,0.999165623696287,0.9979140592407175,0.999165623696287,0.9987484355444305,0.999165623696287,0.9987484355444305,0.9979140592407175,0.9974968710888611,4794,958,5
13,0.9972883982180902,0.9980631415843502,0.9980631415843502,0.9974820840596552,0.9984505132674801,0.9976757699012202,0.9970947123765252,0.9970947123765252,0.9976757699012202,0.9986441991090451,5163,1032,5
15,0.9085714285714286,0.9028571428571428,0.9028571428571428,0.9314285714285714,0.9314285714285714,0.9485714285714286,0.88,0.8914285714285715,0.9485714285714286,0.9542857142857143,175,35,5
22,0.9989226459814695,0.9987071751777634,0.9976298211592329,0.9993535875888817,0.997845291962939,0.9980607627666451,0.9987071751777634,0.9976298211592329,0.9982762335703512,0.9987071751777634,4641,928,5
23,0.9917929292929293,0.9943181818181818,0.990530303030303,0.9968434343434344,0.9943181818181818,0.9911616161616161,0.9968434343434344,0.9917929292929293,0.9911616161616161,0.9949494949494949,1584,316,5
27,0.9983184799058349,0.9986547839246679,0.9973095678493358,0.9984866319152513,0.9994955439717504,0.9971414158399193,0.9976458718681688,0.9973095678493358,0.9974777198587523,0.9979821758870019,5947,1189,5
