version,1_2,1_3,1_4,1_5,2_3,2_4,2_5,3_4,3_5,4_5,num_stmt,num_buckets,bucket_size
5,0.9922285714285715,0.9963428571428572,0.9952,0.9942857142857143,0.9954285714285714,0.9958857142857143,0.9929142857142857,0.9958857142857143,0.9965714285714286,0.9954285714285714,4375,437,10
11,0.9966624947851481,0.9958281184814352,0.9970796829370046,0.9960367125573634,0.9979140592407175,0.9977054651647893,0.9977054651647893,0.9977054651647893,0.9960367125573634,0.9952023362536504,4794,479,10
13,0.9955452256440054,0.9961262831687003,0.9969010265349603,0.9951578539608754,0.9963199690102653,0.9947704822777454,0.9961262831687003,0.9959325973271353,0.9967073406933953,0.9974820840596552,5163,516,10
15,0.8057142857142857,0.8628571428571429,0.8514285714285714,0.8571428571428572,0.8628571428571429,0.88,0.8114285714285714,0.8285714285714285,0.9142857142857143,0.8914285714285715,175,17,10
22,0.9971988795518207,0.9961215255332903,0.995475113122172,0.9969834087481146,0.9956905839258781,0.995475113122172,0.9965524671407024,0.9961215255332903,0.9974143503555268,0.9967679379444085,4641,464,10
23,0.9867424242424242,0.9886363636363636,0.9867424242424242,0.9917929292929293,0.9886363636363636,0.9823232323232324,0.98989898989899,0.9873737373737373,0.9880050505050505,0.9892676767676768,1584,158,10
27,0.9959643517740037,0.9976458718681688,0.9956280477551707,0.9964688078022532,0.9968051118210862,0.9947872877080881,0.9954598957457541,0.9947872877080881,0.9959643517740037,0.9957961997645872,5947,594,10
