version,1_2,1_3,1_4,1_5,2_3,2_4,2_5,3_4,3_5,4_5,num_stmt,num_buckets,bucket_size
5,0.9517714285714286,0.9524571428571429,0.9540571428571428,0.9515428571428571,0.9508571428571428,0.9476571428571429,0.9536,0.9547428571428571,0.9499428571428572,0.9533714285714285,4375,87,50
11,0.9785148101793909,0.9801835627868168,0.9810179390905298,0.9783062161034627,0.9795577805590321,0.9801835627868168,0.9808093450146016,0.9778890279516061,0.9814351272423864,0.9824780976220275,4794,95,50
13,0.9591322874297888,0.9573891148557041,0.9587449157466589,0.9616502033701336,0.9610691458454387,0.9587449157466589,0.9608754600038737,0.9589386015882239,0.9573891148557041,0.9616502033701336,5163,103,50
15,0.6171428571428572,0.6228571428571428,0.5885714285714285,0.5542857142857143,0.52,0.6285714285714286,0.6,0.5371428571428571,0.6114285714285714,0.6457142857142857,175,3,50
22,0.9556130144365439,0.9586296056884293,0.957983193277311,0.9569058392587805,0.9556130144365439,0.95582848524025,0.9541047188106012,0.9584141348847232,0.9562594268476622,0.9566903684550744,4641,92,50
23,0.898989898989899,0.9034090909090909,0.9059343434343434,0.9059343434343434,0.9122474747474747,0.9109848484848485,0.9065656565656566,0.9053030303030303,0.9059343434343434,0.9078282828282829,1584,31,50
27,0.9695644862956112,0.9687237262485286,0.9663695981166975,0.965528838069615,0.9670422061543635,0.9707415503615269,0.966537750126114,0.9643517740036993,0.9663695981166975,0.9677148141920295,5947,118,50
