version,1_2,1_3,1_4,1_5,2_3,2_4,2_5,3_4,3_5,4_5,num_stmt,num_buckets,bucket_size
5,0.9796571428571429,0.9789714285714286,0.9814857142857143,0.9798857142857142,0.9794285714285714,0.9769142857142857,0.9798857142857142,0.9805714285714285,0.9796571428571429,0.9803428571428572,4375,437,10
11,0.9960367125573634,0.9974968710888611,0.9964539007092199,0.9964539007092199,0.9964539007092199,0.9964539007092199,0.9977054651647893,0.9968710888610763,0.9974968710888611,0.9966624947851481,4794,479,10
13,0.9879914778229711,0.9881851636645361,0.989153592872361,0.9907030796048809,0.989734650397056,0.9912841371295759,0.9876041061398412,0.9876041061398412,0.9907030796048809,0.9908967654464459,5163,516,10
15,0.8171428571428572,0.8228571428571428,0.8457142857142858,0.8228571428571428,0.8171428571428572,0.8228571428571428,0.84,0.7828571428571429,0.8171428571428572,0.8571428571428572,175,17,10
22,0.9881491057961647,0.988795518207283,0.988795518207283,0.9894419306184012,0.989010989010989,0.9883645765998708,0.989010989010989,0.9885800474035769,0.9894419306184012,0.9907347554406378,4641,464,10
23,0.9734848484848485,0.9779040404040404,0.9772727272727273,0.976010101010101,0.9810606060606061,0.9779040404040404,0.9810606060606061,0.9772727272727273,0.9734848484848485,0.9810606060606061,1584,158,10
27,0.9885656633596771,0.9883975113502607,0.9878930553220111,0.9870522952749285,0.9867159912560955,0.9885656633596771,0.9883975113502607,0.9867159912560955,0.9857070791995964,0.9885656633596771,5947,594,10
