Method;MLP-FLS;MLP-FLS;MLP-FLS;CNN-FLS;CNN-FLS;CNN-FLS;RNN-FLS;RNN-FLS;RNN-FLS
Metric;p-value;d;Magn.;p-value;d;Magn.;p-value;d;Magn.
Chart;9.5367431640625e-07;-0.48299319727891155;large;9.5367431640625e-07;-0.49206349206349204;large;9.5367431640625e-07;-0.4852607709750567;large
Lang;2.3970794470425496e-12;-0.5519526627218935;large;2.4047835320338647e-12;-0.5216568047337278;large;2.401891832096334e-12;-0.48142011834319526;large
Math;5.68346381066906e-18;-0.4783;large;3.895900458013434e-18;-0.6343;large;3.895021439772567e-18;-0.4679;medium
Mockito;1.4551915228366852e-11;-0.7048940832724616;large;1.4551915228366852e-11;-0.7867056245434624;large;1.4551915228366852e-11;-0.6486486486486487;large
Time;0.015625;-0.42857142857142855;medium;0.015625;-0.7551020408163265;large;0.015625;-0.6326530612244898;large
Total;2.5355602896776917e-39;-0.48228733459357276;large;1.743464503816407e-39;-0.5963894139886579;large;1.742480883413712e-39;-0.47907372400756143;large
