version,1_2,1_3,1_4,1_5,2_3,2_4,2_5,3_4,3_5,4_5,num_stmt,num_buckets,bucket_size
5,0.9981714285714286,0.9977142857142857,0.9993142857142857,0.9990857142857142,0.9968,0.9984,0.9986285714285714,0.9968,0.9984,0.9988571428571429,4375,875,5
11,0.9983312473925741,0.9979140592407175,0.9985398414685023,0.9983312473925741,0.9964539007092199,0.9985398414685023,0.9985398414685023,0.9974968710888611,0.9987484355444305,0.999165623696287,4794,958,5
13,0.9982568274259151,0.9988378849506101,0.9986441991090451,0.9982568274259151,0.9988378849506101,0.9974820840596552,0.9978694557427852,0.9980631415843502,0.9986441991090451,0.9982568274259151,5163,1032,5
15,0.92,0.9485714285714286,0.9028571428571428,0.9371428571428572,0.9028571428571428,0.9314285714285714,0.8971428571428571,0.9314285714285714,0.9314285714285714,0.9028571428571428,175,35,5
22,0.9967679379444085,0.9974143503555268,0.9989226459814695,0.9980607627666451,0.997845291962939,0.9980607627666451,0.9976298211592329,0.9982762335703512,0.9971988795518207,0.9987071751777634,4641,928,5
23,0.9955808080808081,0.9962121212121212,0.9981060606060606,0.9943181818181818,0.9968434343434344,0.9936868686868687,0.9962121212121212,0.9955808080808081,0.9962121212121212,0.9962121212121212,1584,316,5
27,0.9983184799058349,0.9983184799058349,0.9979821758870019,0.9984866319152513,0.9983184799058349,0.9973095678493358,0.9981503278964183,0.9989910879435009,0.9983184799058349,0.9989910879435009,5947,1189,5
