version,1_2,1_3,1_4,1_5,2_3,2_4,2_5,3_4,3_5,4_5,num_stmt,num_buckets,bucket_size
5,0.9792,0.9821714285714286,0.9824,0.9824,0.9796571428571429,0.9803428571428572,0.9817142857142858,0.9792,0.9808,0.9837714285714285,4375,87,50
11,0.9806007509386734,0.9822695035460993,0.982060909470171,0.9824780976220275,0.981226533166458,0.9826866916979557,0.9822695035460993,0.9824780976220275,0.9824780976220275,0.9818523153942428,4794,95,50
13,0.9831493317838466,0.9845051326748014,0.9823745884175866,0.9831493317838466,0.9862483052488863,0.9833430176254115,0.9819872167344567,0.9839240751501065,0.9852798760410614,0.9874104202982762,5163,103,50
15,0.6342857142857143,0.6571428571428571,0.5942857142857143,0.6057142857142856,0.5714285714285714,0.6457142857142857,0.64,0.6514285714285715,0.6571428571428571,0.6,175,3,50
22,0.9795302736479207,0.9784529196293902,0.9823313940960999,0.9821159232923938,0.9814695108812755,0.9816849816849816,0.9808230984701573,0.9823313940960999,0.9810385692738633,0.9808230984701573,4641,92,50
23,0.9488636363636364,0.9539141414141414,0.9652777777777778,0.9539141414141414,0.9526515151515151,0.9507575757575758,0.952020202020202,0.9532828282828283,0.9526515151515151,0.9532828282828283,1584,31,50
27,0.9882293593408441,0.9875567513031781,0.9860433832184294,0.9855389271901799,0.985875231209013,0.9841937111148478,0.9863796872372624,0.9850344711619304,0.9853707751807634,0.9855389271901799,5947,118,50
