version,1_2,1_3,1_4,1_5,2_3,2_4,2_5,3_4,3_5,4_5,num_stmt,num_buckets,bucket_size
5,0.9997714285714285,0.9872,0.9849142857142857,0.9529142857142857,0.9817142857142858,0.9344,0.9986285714285714,0.9819428571428571,0.9876571428571429,0.9899428571428571,4375,87,50
11,0.9745515227367543,0.9864413850646642,0.999165623696287,0.9974968710888611,0.9981226533166458,0.9974968710888611,0.9983312473925741,0.9979140592407175,0.9883187317480183,0.9741343345848978,4794,95,50
13,0.9872167344567112,0.999806314158435,0.9810187875266319,0.9773387565368972,0.9879914778229711,0.9912841371295759,0.8711989153592872,0.9879914778229711,0.9858609335657563,0.999418942475305,5163,103,50
15,0.7885714285714286,0.8057142857142857,0.56,0.6914285714285715,0.7085714285714286,0.6857142857142857,0.7428571428571429,0.7371428571428571,0.7771428571428571,0.7657142857142857,175,3,50
22,0.951734539969834,0.9752208575737987,0.9997845291962939,0.9607843137254902,0.9840551605257488,0.9997845291962939,0.9997845291962939,0.9140271493212669,0.9743589743589743,0.9997845291962939,4641,92,50
23,0.9709595959595959,0.9318181818181819,0.9463383838383839,0.9981060606060606,0.9968434343434344,0.9968434343434344,0.9393939393939394,0.9444444444444444,0.9993686868686869,0.9488636363636364,1584,31,50
27,0.9749453505969397,0.9998318479905834,0.9998318479905834,0.9310576761392299,0.9853707751807634,0.9719186144274424,0.9857070791995964,0.9774676307381873,0.9939465276610056,0.9885656633596771,5947,118,50
