version,1_2,1_3,1_4,1_5,2_3,2_4,2_5,3_4,3_5,4_5,num_stmt,num_buckets,bucket_size
5,0.9997714285714285,0.9810285714285715,0.9714285714285714,0.9492571428571428,0.9997714285714285,0.9673142857142857,0.9988571428571429,0.9997714285714285,0.9650285714285715,0.9972571428571428,4375,87,50
11,0.9753858990404672,0.9960367125573634,0.9578639966624948,0.9864413850646642,0.9993742177722152,0.9985398414685023,0.9943679599499374,0.9977054651647893,0.9741343345848978,0.999165623696287,4794,95,50
13,0.9833430176254115,0.9885725353476661,0.99961262831687,0.9903157079217509,0.9653302343598683,0.9347278713926012,0.9750145264381174,0.9936083672283557,0.9862483052488863,0.9413131900058106,5163,103,50
15,0.7828571428571429,0.8,0.7371428571428571,0.7828571428571429,0.6514285714285715,0.7771428571428571,0.7542857142857142,0.6857142857142857,0.7714285714285715,0.6857142857142857,175,3,50
22,0.9941822882999354,0.9993535875888817,0.9997845291962939,0.9638009049773756,0.9892264598146951,0.9728506787330317,0.9799612152553329,0.9989226459814695,0.9870717517776342,0.9974143503555268,4641,92,50
23,0.9412878787878788,0.9621212121212122,0.9684343434343434,0.9924242424242424,0.9665404040404041,0.9772727272727273,0.9747474747474747,0.9375,0.9949494949494949,0.9943181818181818,1584,31,50
27,0.966201446107281,0.999663695981167,0.9853707751807634,0.9867159912560955,0.9759542626534388,0.9951235917269211,0.9994955439717504,0.9737682865310241,0.9887338153690937,0.9564486295611232,5947,118,50
