version,1_2,1_3,1_4,1_5,2_3,2_4,2_5,3_4,3_5,4_5,num_stmt,num_buckets,bucket_size
5,0.9997714285714285,0.9956571428571429,0.9917714285714285,0.9686857142857143,0.9997714285714285,0.9700571428571428,0.9995428571428572,0.9997714285714285,0.9890285714285715,0.9993142857142857,4375,437,10
11,0.9956195244055068,0.9995828118481435,0.9974968710888611,0.9997914059240718,0.9997914059240718,0.9995828118481435,0.9983312473925741,0.999165623696287,0.9960367125573634,0.9995828118481435,4794,479,10
13,0.9953515398024404,0.9974820840596552,0.99961262831687,0.9982568274259151,0.9666860352508232,0.9463490218865,0.9938020530699206,0.9982568274259151,0.9972883982180902,0.9645554909936084,5163,516,10
15,0.9257142857142857,0.9828571428571429,0.96,0.9885714285714285,0.88,0.9371428571428572,0.9714285714285714,0.9714285714285714,0.92,0.9428571428571428,175,17,10
22,0.9984917043740573,0.9997845291962939,0.9997845291962939,0.9909502262443439,0.9976298211592329,0.9920275802628744,0.9950441715147598,0.9997845291962939,0.9971988795518207,0.9995690583925878,4641,464,10
23,0.9633838383838383,0.9943181818181818,0.9873737373737373,0.9987373737373737,0.9917929292929293,0.9955808080808081,0.990530303030303,0.9842171717171717,0.9993686868686869,0.9993686868686869,1584,158,10
27,0.9667059021355305,0.9998318479905834,0.9946191356986716,0.9974777198587523,0.9939465276610056,0.999327391962334,0.999663695981167,0.993105767613923,0.9973095678493358,0.9887338153690937,5947,594,10
