version,1_2,1_3,1_4,1_5,2_3,2_4,2_5,3_4,3_5,4_5,num_stmt,num_buckets,bucket_size
5,0.9974857142857143,0.9970285714285714,0.9958857142857143,0.9977142857142857,0.9968,0.9972571428571428,0.9972571428571428,0.9968,0.9977142857142857,0.9965714285714286,4375,875,5
11,0.9981226533166458,0.9981226533166458,0.9987484355444305,0.9987484355444305,0.9985398414685023,0.9987484355444305,0.9981226533166458,0.9985398414685023,0.9987484355444305,0.9997914059240718,4794,958,5
13,0.9963199690102653,0.9974820840596552,0.9972883982180902,0.9980631415843502,0.9972883982180902,0.9974820840596552,0.9970947123765252,0.9965136548518303,0.9959325973271353,0.9967073406933953,5163,1032,5
15,0.9257142857142857,0.9028571428571428,0.92,0.8971428571428571,0.8971428571428571,0.9142857142857143,0.8914285714285715,0.9028571428571428,0.8742857142857143,0.92,175,35,5
22,0.9976298211592329,0.9974143503555268,0.9971988795518207,0.9969834087481146,0.9971988795518207,0.9965524671407024,0.9984917043740573,0.9961215255332903,0.997845291962939,0.9974143503555268,4641,928,5
23,0.9930555555555556,0.9917929292929293,0.9936868686868687,0.9867424242424242,0.990530303030303,0.9936868686868687,0.98989898989899,0.9936868686868687,0.9911616161616161,0.9886363636363636,1584,316,5
27,0.9976458718681688,0.9983184799058349,0.9978140238775853,0.9968051118210862,0.9978140238775853,0.9974777198587523,0.9973095678493358,0.9976458718681688,0.9968051118210862,0.9973095678493358,5947,1189,5
