version,1_2,1_3,1_4,1_5,2_3,2_4,2_5,3_4,3_5,4_5,num_stmt,num_buckets,bucket_size
5,0.9773714285714286,0.9778285714285714,0.9771428571428571,0.9780571428571428,0.9812571428571428,0.976,0.9780571428571428,0.9805714285714285,0.9778285714285714,0.9789714285714286,4375,87,50
11,0.9866499791405924,0.9864413850646642,0.9858156028368794,0.9872757613683771,0.9833124739257405,0.9856070087609512,0.9889445139758031,0.985398414685023,0.9824780976220275,0.9839382561535253,4794,95,50
13,0.9775324423784622,0.9765640131706372,0.978888243269417,0.9825682742591516,0.979662986635677,0.9819872167344567,0.9846988185163664,0.9779198140615921,0.9812124733681968,0.9800503583188069,5163,103,50
15,0.6685714285714286,0.6971428571428571,0.6228571428571428,0.6171428571428572,0.6457142857142857,0.72,0.6457142857142857,0.5771428571428572,0.6457142857142857,0.6342857142857143,175,3,50
22,0.9784529196293902,0.9819004524886877,0.9773755656108597,0.9784529196293902,0.9803921568627451,0.9810385692738633,0.9793148028442146,0.9756517991812109,0.9786683904330963,0.9790993320405085,4641,92,50
23,0.9406565656565656,0.9362373737373737,0.9393939393939394,0.9419191919191919,0.9255050505050505,0.9431818181818182,0.9438131313131313,0.9406565656565656,0.9463383838383839,0.9324494949494949,1584,31,50
27,0.9816714309736001,0.9831847990583488,0.9791491508323524,0.979653606860602,0.979989910879435,0.9815032789641837,0.9811669749453505,0.9838574070960148,0.979653606860602,0.9821758870018497,5947,118,50
